tasks_completed,feedback_score,attendance,achievement_score,top_performer
0.8783100656536798,0.9150793638884728,0.8986451052612946,0.877508138925733,1
-0.8783100656536798,-0.9566738804288588,-0.8406680016960506,-1.0881100922679088,0
1.4638501094227996,1.289430012751939,1.1595420713048965,1.3689126967241434,1
-1.4638501094227996,-1.580591628534636,-1.7103245551747233,-1.439113347838202,0
0.2927700218845599,0.29116161578269556,0.4638168285219583,0.31590293001326386,1
-0.2927700218845599,0.041594516540384444,0.02898855178262201,-0.03510032555702932,0
